question,answer
What is AI-powered demand forecasting?,"AI-powered demand forecasting uses machine learning to analyze historical sales data, predict future demand trends, and optimize inventory levels."
How does blockchain improve supply chain transparency?,"Blockchain provides an immutable ledger, enhancing transparency by allowing all stakeholders to track goods and transactions securely."
What are the risks of relying on a single supplier?,"Depending on a single supplier increases vulnerability to supply chain disruptions, leading to potential delays and increased costs."
How can machine learning optimize inventory management?,"Machine learning can analyze patterns in inventory data, reducing overstock and stockouts while improving supply chain efficiency."
What role does AI play in supply chain risk assessment?,"AI helps assess supply chain risks by analyzing data from various sources, detecting potential disruptions, and recommending preventive actions."
How does predictive analytics help in supply chain resilience?,"Predictive analytics uses historical data and AI models to anticipate supply chain issues, allowing businesses to proactively manage risks."
What impact does automation have on supply chain efficiency?,"Automation streamlines warehousing, order processing, and logistics, reducing human errors and operational costs."
How can AI mitigate disruptions in e-commerce logistics?,"AI can predict delivery delays, optimize routes, and automate warehouse operations to improve logistics in e-commerce supply chains."
What challenges do retailers face in last-mile delivery?,"Retailers struggle with high delivery costs, unpredictable demand, and ensuring timely deliveries in last-mile logistics."
How does AI help in supplier selection and reliability analysis?,"AI-driven supplier selection models analyze past performance, reliability, and cost-effectiveness to help businesses choose the best suppliers."
